Camera, Image File Name, Description,Image Location - Easting Coordinate*,Image Location - Northing Coordinate*,URL,,,,,
H106F, H106F.JPG, Connaught Road Central near Exchange Square,834060,816365,http://tdcctv.data.one.gov.hk/H106F.JPG,"22.445856169, 113.983522104",22.445856169,113.983522104,114.1554486,22.28617506
H107F, H107F.JPG, Pedder Street,834251,815825,http://tdcctv.data.one.gov.hk/H107F.JPG,"22.447574608, 113.978273717",22.447574608,113.978273717,114.1573027,22.28129876
H108F, H108F.JPG, Queen's Road Central near Ice House Street,834307,815670,http://tdcctv.data.one.gov.hk/H108F.JPG,"22.448078450, 113.976767197",22.448078450,113.976767197,114.1578463,22.27989907
H109F, H109F.JPG, Queen's Road Central near Garden Road,834701,815639,http://tdcctv.data.one.gov.hk/H109F.JPG,"22.451636052, 113.976460925",22.451636052,113.976460925,114.1616694,22.27961952
H110F, H110F.JPG, Connaught Road Central near Shun Tak Centre,833974,816414,http://tdcctv.data.one.gov.hk/H110F.JPG,"22.445080124, 113.983999197",22.445080124,113.983999197,114.1546141,22.28661745
H130F, H130F.JPG, Pok Fu Lam Road near Pokfield Road,831648,815857,http://tdcctv.data.one.gov.hk/H130F.JPG,"22.424068833, 113.978617982",22.424068833,113.978617982,114.1320448,22.28158273
H132F2, H132F2.JPG, Pok Fu Lam Road near Smithfield Road,831530,815440,http://tdcctv.data.one.gov.hk/H132F2.JPG,"22.422998222, 113.974569134",22.422998222,113.974569134,114.1309011,22.27781664
H138F, H138F.JPG, Cotton Tree Drive near Murray Building,834462,815412,http://tdcctv.data.one.gov.hk/H138F.JPG,"22.449475035, 113.974258736",22.449475035,113.974258736,114.1593506,22.27756934
H201F, H201F.JPG, Hennessy Road near Arsenal Street,835400,815422,http://tdcctv.data.one.gov.hk/H201F.JPG,"22.457945661, 113.974343584",22.457945661,113.974343584,114.1684521,22.27766037
H203F, H203F.JPG, Yee Wo Street near Hennessy Road,837091,815679,http://tdcctv.data.one.gov.hk/H203F.JPG,"22.473219140, 113.976818556",22.473219140,113.976818556,114.1848601,22.27998126
H204F, H204F.JPG, Fleming Road near Harbour Road,836013,815756,http://tdcctv.data.one.gov.hk/H204F.JPG,"22.463485324, 113.977580656",22.463485324,113.977580656,114.1744,22.2806768
H207F, H207F.JPG, Cross Harbour Tunnel Hong Kong Side,836809,815849,http://tdcctv.data.one.gov.hk/H207F.JPG,"22.470674616, 113.978474003",22.470674616,113.978474003,114.1821239,22.28151658
H209F, H209F.JPG, Queen's Road East near Stubbs Road,836391,815128,http://tdcctv.data.one.gov.hk/H209F.JPG,"22.466891154, 113.971474033",22.466891154,113.971474033,114.1780678,22.27500557
H210F, H210F.JPG, Aberdeen Tunnel - Wan Chai Side,836502,815130,http://tdcctv.data.one.gov.hk/H210F.JPG,"22.467893549, 113.971491989",22.467893549,113.971491989,114.1791448,22.27502362
H214F, H214F.JPG, Harcourt Road near Red Cross Headquarter,835893,815674,http://tdcctv.data.one.gov.hk/H214F.JPG,"22.462400693, 113.976785507",22.462400693,113.976785507,114.166848,22.279716
H215F, H215F.JPG, Gloucester Road near Wan Chai Interchange,836636,815850,http://tdcctv.data.one.gov.hk/H215F.JPG,"22.469112374, 113.978485944",22.469112374,113.978485944,114.1804452,22.28152566
H216F, H216F.JPG, Canal Road Flyover near Time Square,836711,815628,http://tdcctv.data.one.gov.hk/H216F.JPG,"22.469786985, 113.976327949",22.469786985,113.976327949,114.1811729,22.27952084
H222F, H222F.JPG, Gloucester Road near Sun Hung Kai Center,836118,815632,http://tdcctv.data.one.gov.hk/H222F.JPG,"22.464432021, 113.976374519",22.464432021,113.976374519,114.1754189,22.27955701
H305F, H305F.JPG, Causeway Road near Hing Fat Street,837753,815881,http://tdcctv.data.one.gov.hk/H305F.JPG,"22.479199664, 113.978772806",22.479199664,113.978772806,114.1912839,22.281805
H307F, H307F.JPG, King's Road near Tin Chong Street,838176,816841,http://tdcctv.data.one.gov.hk/H307F.JPG,"22.483030698, 113.988095961",22.483030698,113.988095961,114.1953895,22.29047399
H401F, H401F.JPG, Wong Chuk Hang Road near Aberdeen Tunnel,835637,812448,http://tdcctv.data.one.gov.hk/H401F.JPG,"22.460047009, 113.945446091",22.460047009,113.945446091,114.1707529,22.2508033
H422F1, H422F1.JPG, Wong Chuk Hang Road near Aberdeen Technical School,834650,812183,http://tdcctv.data.one.gov.hk/H422F1.JPG,"22.451130325, 113.942886400",22.451130325,113.942886400,114.161178,22.24840953
H422F2, H422F2.JPG, Ap Lei Chau Bridge Road near Aberdeen Police Station,834633,812095,http://tdcctv.data.one.gov.hk/H422F2.JPG,"22.450975567, 113.942031736",22.450975567,113.942031736,114.1610132,22.24761482
H429F, H429F.JPG, Aberdeen Praya Road near Fish Market,833545,812189,http://tdcctv.data.one.gov.hk/H429F.JPG,"22.441151842, 113.942961422",22.441151842,113.942961422,114.1504583,22.24846233
H801F, H801F.JPG, Island Eastern Corridor near Ka Wah Centre,839132,817250,http://tdcctv.data.one.gov.hk/H801F.JPG,"22.491668326, 113.992058870",22.491668326,113.992058870,114.2046673,22.29416619
H802F, H802F.JPG, Island Eastern Corridor near Hoi Yu Street,839855,816912,http://tdcctv.data.one.gov.hk/H802F.JPG,"22.498193469, 113.988765400",22.498193469,113.988765400,114.2116826,22.29111248
H803F, H803F.JPG, Island Eastern Corridor near Quarry Bay Park,840787,816596,http://tdcctv.data.one.gov.hk/H803F.JPG,"22.506606131, 113.985682838",22.506606131,113.985682838,114.2207259,22.28825661
H903F, H903F.JPG, Morrison Hill Road near Sports Road,836673,815230,http://tdcctv.data.one.gov.hk/H903F.JPG,"22.469438977, 113.972461345",22.469438977,113.972461345,114.180804,22.27592665
H904F, H904F.JPG, Canal Road Flyover near Gloucester Road,836679,815711,http://tdcctv.data.one.gov.hk/H904F.JPG,"22.469499013, 113.977134821",22.469499013,113.977134821,114.1808624,22.28027039
TC551F, TC551F.JPG, Kap Shui Mun Bridge,823592,822667,http://tdcctv.data.one.gov.hk/TC551F.JPG,"22.351386794, 114.044833464",22.351386794,114.044833464,114.0538208,22.34304061
TC573F, TC573F.JPG, Lantau Link near Toll Plaza,822215,822108,http://tdcctv.data.one.gov.hk/TC573F.JPG,"22.338947227, 114.039418795",22.338947227,114.039418795,114.0404584,22.33798184
SM933F, SM933F.JPG, Shing Mun Tunnel Road,837023,826509,http://tdcctv.data.one.gov.hk/SM933F.JPG,"22.472701257, 114.082049983",22.472701257,114.082049983,114.1842054,22.37778251
SM934F, SM934F.JPG, Shing Mun Tunnel Shatin Side,835189,826867,http://tdcctv.data.one.gov.hk/SM934F.JPG,"22.456141471, 114.085539378",22.456141471,114.085539378,114.166397,22.38101527
ST106F, ST106F.JPG, Sha Tin Wai Road/Sha Lek Highway Slip Road,838649,826523,http://tdcctv.data.one.gov.hk/ST106F.JPG,"22.487384772, 114.082176034",22.487384772,114.082176034,114.1999939,22.37790745
ST109F, ST109F.JPG, Tai Chung Kiu Road near Ravana Garden,839016,827761,http://tdcctv.data.one.gov.hk/ST109F.JPG,"22.490705543, 114.094204490",22.490705543,114.094204490,114.2035597,22.38908669
ST112F, ST112F.JPG, Mei Tin Rd nr Che Kung Miu Rd Rbt,836584,825780,http://tdcctv.data.one.gov.hk/ST112F.JPG,"22.468732587, 114.074969480",22.468732587,114.074969480,114.1799426,22.37119939
ST114F, ST114F.JPG, Tai Po Road - Shatin Section,837674,827277,http://tdcctv.data.one.gov.hk/ST114F.JPG,"22.478584267, 114.089508648",22.478584267,114.089508648,114.1905273,22.38471755
ST115F, ST115F.JPG, Fo Tan Road,838338,827859,http://tdcctv.data.one.gov.hk/ST115F.JPG,"22.484583419, 114.095160434",22.484583419,114.095160434,114.1969759,22.38997263
ST117F, ST117F.JPG, Sai Sha Road near Ma On Shan Sports Ground,841439,831310,http://tdcctv.data.one.gov.hk/ST117F.JPG,"22.512600167, 114.128685622",22.512600167,114.128685622,114.2271004,22.42113032
ST119F, ST119F.JPG, Sai Sha Road/Kam Ying Road,842843,831980,http://tdcctv.data.one.gov.hk/ST119F.JPG,"22.525280622, 114.135193820",22.525280622,114.135193820,114.2407403,22.42717592
TH101F, TH101F.JPG, Tolo Highway near Ma Liu Shui Interchange,839951,830304,http://tdcctv.data.one.gov.hk/TH101F.JPG,"22.499159738, 114.118913506",22.499159738,114.118913506,114.2126451,22.4120495
TH110F, TH110F.JPG, Tolo Highway near HK Science Park,838284,833227,http://tdcctv.data.one.gov.hk/TH110F.JPG,"22.484113768, 114.147323757",22.484113768,114.147323757,114.1964583,22.43844836
TH114F, TH114F.JPG, Tolo Highway near Island House Interchange,836304,833974,http://tdcctv.data.one.gov.hk/TH114F.JPG,"22.466234701, 114.154585520",22.466234701,114.154585520,114.1772241,22.4451953
RT115F, RT115F.JPG, Lung Mun Road near Wu Chui Road,813942,826353,http://tdcctv.data.one.gov.hk/RT115F.JPG,"22.264266772, 114.080677436",22.264266772,114.080677436,113.9600914,22.37622876
RT116F, RT116F.JPG, Wong Chu Road near Lung Mun Road,814689,827701,http://tdcctv.data.one.gov.hk/RT116F.JPG,"22.271019875, 114.093751952",22.271019875,114.093751952,113.9673264,22.38841138
TC604F, TC604F.JPG, Ting Kau Bridge,826493,824541,http://tdcctv.data.one.gov.hk/TC604F.JPG,"22.377598155, 114.063005266",22.377598155,114.063005266,114.0819711,22.35998279
TC612F, TC612F.JPG, Tuen Mun Road to Ting Kau Bridge,825761,825704,http://tdcctv.data.one.gov.hk/TC612F.JPG,"22.370995366, 114.074302817",22.370995366,114.074302817,114.0748566,22.37048098
TR101F, TR101F.JPG, Tuen Mun Road - Chai Wan Kok,828593,826093,http://tdcctv.data.one.gov.hk/TR101F.JPG,"22.396572116, 114.078061770",22.396572116,114.078061770,114.1023521,22.37400884
TR105F, TR105F.JPG, Tuen Mun Road - Ting Kau Section,826026,825793,http://tdcctv.data.one.gov.hk/TR105F.JPG,"22.373388999, 114.075165227",22.373388999,114.075165227,114.0774291,22.37128629
TR108F, TR108F.JPG, Tuen Mun Road - Sham Tseng Interchange,824330,825576,http://tdcctv.data.one.gov.hk/TR108F.JPG,"22.358071886, 114.073069573",22.358071886,114.073069573,114.0609633,22.36931572
TR114F, TR114F.JPG, Tuen Mun Road - Tai Lam Kok Section,820053,824313,http://tdcctv.data.one.gov.hk/TR114F.JPG,"22.319439885, 114.060839529",22.319439885,114.060839529,114.019449,22.35787513
TR119F, TR119F.JPG, Tuen Mun Road - Sam Shing Hui,816113,827041,http://tdcctv.data.one.gov.hk/TR119F.JPG,"22.283876090, 114.087340044",22.283876090,114.087340044,113.9811628,22.38246859
TC104F, TC104F.JPG, Tsing Kwai Highway Near Container Port 4,831612,822223,http://tdcctv.data.one.gov.hk/TC104F.JPG,"22.423807773, 114.040452452",22.423807773,114.040452452,114.131677,22.33907145
BC101F, BC101F.JPG, San Tin Highway near Fairview Park,823794,837083,http://tdcctv.data.one.gov.hk/BC101F.JPG,"22.353264561, 114.184786646",22.353264561,114.184786646,114.0556689,22.47322542
BC102F, BC102F.JPG, San Tin Highway near Mai Po,824754,839245,http://tdcctv.data.one.gov.hk/BC102F.JPG,"22.361931499, 114.205777808",22.361931499,114.205777808,114.0649812,22.49275587
BC103F, BC103F.JPG, San Sham Road Roundabout,826465,840287,http://tdcctv.data.one.gov.hk/BC103F.JPG,"22.377380622, 114.215898805",22.377380622,114.215898805,114.0816023,22.50217621
FH104F, FH104F.JPG, Fanling Highway near Kwu Tung,827827,840497,http://tdcctv.data.one.gov.hk/FH104F.JPG,"22.389679687, 114.217941515",22.389679687,114.217941515,114.094838,22.50407987
FH106F, FH106F.JPG, Fanling Highway near Sheung Shui Roundabout,830869,840072,http://tdcctv.data.one.gov.hk/FH106F.JPG,"22.417151462, 114.213821677",22.417151462,114.213821677,114.124404,22.5002543
FH107F, FH107F.JPG, Fanling Highway near Pak Wo Road,831274,839862,http://tdcctv.data.one.gov.hk/FH107F.JPG,"22.420809261, 114.211782916",22.420809261,114.211782916,114.1283407,22.49835915
NH101F, NH101F.JPG, Jockey Club Road near Fanling Highway,833149,838713,http://tdcctv.data.one.gov.hk/NH101F.JPG,"22.437743424, 114.200625564",22.437743424,114.200625564,114.146565,22.48798767
NH109F, NH109F.JPG, Jockey Club Road near Ma Sik Road,831857,840099,http://tdcctv.data.one.gov.hk/NH109F.JPG,"22.426073515, 114.214086301",22.426073515,114.214086301,114.1340059,22.50050096
NH113F, NH113F.JPG, San Wan Road near Lung Sum Avenue,831083,840385,http://tdcctv.data.one.gov.hk/NH113F.JPG,"22.419083261, 114.216862320",22.419083261,114.216862320,114.1264828,22.50308147
NH115F, NH115F.JPG, Sha Tau Kok Road near Ma Sik Road,833194,840146,http://tdcctv.data.one.gov.hk/NH115F.JPG,"22.438147144, 114.214546091",22.438147144,114.214546091,114.1469995,22.50092831
TP102F, TP102F.JPG, Yuen Shin Road near Ting Kok Road,836303,835283,http://tdcctv.data.one.gov.hk/TP102F.JPG,"22.466226924, 114.167303980",22.466226924,114.167303980,114.1772144,22.45701616
TP105F, TP105F.JPG, Tai Po Tai Wo Road near Nam Wan Road,835765,834669,http://tdcctv.data.one.gov.hk/TP105F.JPG,"22.461368088, 114.161338796",22.461368088,114.161338796,114.1719877,22.4514714
TP112F, TP112F.JPG, Tai Po Tai Wo Road near Tai Po Road- Tai Wo,834416,834785,http://tdcctv.data.one.gov.hk/TP112F.JPG,"22.449186125, 114.162467087",22.449186125,114.162467087,114.1588818,22.452518
TP114F, TP114F.JPG, Nam Wan Road near Kwong Fuk Road,835744,834126,http://tdcctv.data.one.gov.hk/TP114F.JPG,"22.461177856, 114.156063131",22.461177856,114.156063131,114.1717838,22.44656785
K101F, K101F.JPG, Salisbury Road near Nathan Road,835792,817332,http://tdcctv.data.one.gov.hk/K101F.JPG,"22.461507795, 113.992895577",22.461507795,113.992895577,114.1722551,22.29490902
K102F, K102F.JPG, Salisbury Road near Chatham Road,836094,817392,http://tdcctv.data.one.gov.hk/K102F.JPG,"22.464235635, 113.993474936",22.464235635,113.993474936,114.1751858,22.29545092
K104F, K104F.JPG, Canton Road near China HK City,835403,817905,http://tdcctv.data.one.gov.hk/K104F.JPG,"22.458001223, 113.998467218",22.458001223,113.998467218,114.1684798,22.30008342
K106F, K106F.JPG, Chatham Road near Austin Road,836292,818257,http://tdcctv.data.one.gov.hk/K106F.JPG,"22.466032986, 114.001877012",22.466032986,114.001877012,114.1771073,22.30326241
K107F, K107F.JPG, Cross Harbour Tunnel Kowloon Side,836663,818254,http://tdcctv.data.one.gov.hk/K107F.JPG,"22.469383228, 114.001843656",22.469383228,114.001843656,114.1807078,22.30323527
K108F, K108F.JPG, Jordan Road near Ferry Street,835241,818565,http://tdcctv.data.one.gov.hk/K108F.JPG,"22.456545259, 114.004881282",22.456545259,114.004881282,114.1669073,22.30604353
K109F, K109F.JPG, Chatham Road near Princess Margaret Road,836431,818558,http://tdcctv.data.one.gov.hk/K109F.JPG,"22.467291356, 114.004800010",22.467291356,114.004800010,114.1784563,22.30598061
K111F, K111F.JPG, Waterloo Road / Ferry Street,835268,819288,http://tdcctv.data.one.gov.hk/K111F.JPG,"22.456796412, 114.011905262",22.456796412,114.011905262,114.1671689,22.31257268
K112F, K112F.JPG, Waterloo Road near Tung Fong Street,835746,819346,http://tdcctv.data.one.gov.hk/K112F.JPG,"22.461113519, 114.012463669",22.461113519,114.012463669,114.1718081,22.31309666
K123F, K123F.JPG, Princess Margaret Road near King's Park,836386,819050,http://tdcctv.data.one.gov.hk/K123F.JPG,"22.466890016, 114.009580865",22.466890016,114.009580865,114.1780196,22.31042368
K209F, K209F.JPG, Boundary Street near Tai Hang Tung Road,835803,820822,http://tdcctv.data.one.gov.hk/K209F.JPG,"22.461642225, 114.026803592",22.461642225,114.026803592,114.1723609,22.32642584
K221F, K221F.JPG, Cherry Street near Hoi Wang Road,834872,819932,http://tdcctv.data.one.gov.hk/K221F.JPG,"22.453226645, 114.018166092",22.453226645,114.018166092,114.1633249,22.31838811
K305F, K305F.JPG, Cheung Sha Wan Road near Kwong Cheung Street,833671,822192,http://tdcctv.data.one.gov.hk/K305F.JPG,"22.442401198, 114.040133133",22.442401198,114.040133133,114.1516645,22.33879584
K325F, K325F.JPG, Kwai Chung Road near Mei Fo Sun Chuen,832615,821975,http://tdcctv.data.one.gov.hk/K325F.JPG,"22.432863259, 114.038034578",22.432863259,114.038034578,114.1414141,22.33683429
K404F, K404F.JPG, Kai Tak Tunnel Kowloon City Side,837362,819479,http://tdcctv.data.one.gov.hk/K404F.JPG,"22.475707943, 114.013738784",22.475707943,114.013738784,114.1874923,22.31429746
K405F, K405F.JPG, Ma Tau Wai Road near Farm Road,837368,820335,http://tdcctv.data.one.gov.hk/K405F.JPG,"22.475770323, 114.022056293",22.475770323,114.022056293,114.1875511,22.32202765
K408F, K408F.JPG, Princess Margaret Road/Pui Ching Road,836431,819862,http://tdcctv.data.one.gov.hk/K408F.JPG,"22.467304371, 114.017469931",22.467304371,114.017469931,114.1784564,22.31775652
K409F, K409F.JPG, Princess Margaret Road/Argyle Street,836338,820335,http://tdcctv.data.one.gov.hk/K409F.JPG,"22.466469020, 114.022066627",22.466469020,114.022066627,114.1775538,22.322028
K502F, K502F.JPG, Waterloo Road/Cornwall Street,836493,822345,http://tdcctv.data.one.gov.hk/K502F.JPG,"22.467886288, 114.041594730",22.467886288,114.041594730,114.1790585,22.34017945
K505F, K505F.JPG, Lung Cheung Road/Chuk Yuen Road,837065,822685,http://tdcctv.data.one.gov.hk/K505F.JPG,"22.473054414, 114.044893364",22.473054414,114.044893364,114.1846113,22.34324968
K506F, K506F.JPG, Prince Edward Rd W Flyover nr Olympic Garden,837767,821018,http://tdcctv.data.one.gov.hk/K506F.JPG,"22.479379682, 114.028689032",22.479379682,114.028689032,114.1914245,22.32819523
K508F, K508F.JPG, Lung Cheung Road/Po Kong Village Road,838507,822544,http://tdcctv.data.one.gov.hk/K508F.JPG,"22.486075111, 114.043510854",22.486075111,114.043510854,114.1986095,22.34197509
K521F, K521F.JPG, Prince Edward Road East near San Po Kong,838268,821504,http://tdcctv.data.one.gov.hk/K521F.JPG,"22.483908175, 114.033406857",22.483908175,114.033406857,114.1962881,22.33258359
K602F, K602F.JPG, Lei Yue Mun Road near Cha Kwo Ling Road,841675,818988,http://tdcctv.data.one.gov.hk/K602F.JPG,"22.514650986, 114.008920847",22.514650986,114.008920847,114.229351,22.30985528
K607F, K607F.JPG, Sau Mau Ping Road near Hip Wo Street,841327,820562,http://tdcctv.data.one.gov.hk/K607F.JPG,"22.511523651, 114.024222801",22.511523651,114.024222801,114.2259785,22.32407049
K613F, K613F.JPG, Kai Cheung Road near Wang Chiu Road,839535,820747,http://tdcctv.data.one.gov.hk/K613F.JPG,"22.495342944, 114.026038416",22.495342944,114.026038416,114.2085852,22.32574549
K614F, K614F.JPG, Lung Cheung Road/Clear Water Bay Road,839495,821701,http://tdcctv.data.one.gov.hk/K614F.JPG,"22.494990139, 114.035309912",22.494990139,114.035309912,114.2081989,22.33436074
K621F, K621F.JPG, Kwun Tong Road near Kai Yip Estate,839923,821103,http://tdcctv.data.one.gov.hk/K621F.JPG,"22.498849927, 114.029494371",22.498849927,114.029494371,114.2123521,22.3289596
K627F, K627F.JPG, Clear Water Bay Road near Fei Ngo Shan Road,840990,821665,http://tdcctv.data.one.gov.hk/K627F.JPG,"22.508490224, 114.034946288",22.508490224,114.034946288,114.2227107,22.33403218
K802F, K802F.JPG, Ching Cheung Road near Caritas Medical Center,833946,822627,http://tdcctv.data.one.gov.hk/K802F.JPG,"22.444888089, 114.044356572",22.444888089,114.044356572,114.1543334,22.34272453
K804F, K804F.JPG, Lung Cheung Road near Chak On Estate,834977,822541,http://tdcctv.data.one.gov.hk/K804F.JPG,"22.454197769, 114.043512212",22.454197769,114.043512212,114.1643419,22.34194898
K809F2, K809F2.JPG, Kwun Tong Road near Kowloon Bay MTR Station,840175,820079,http://tdcctv.data.one.gov.hk/K809F2.JPG,"22.501116169, 114.019540151",22.501116169,114.019540151,114.2147957,22.31971172
K810F, K810F.JPG, Kwun Tong Road near Ngua Tau Kok MTR Station,840743,819523,http://tdcctv.data.one.gov.hk/K810F.JPG,"22.506240043, 114.014130631",22.506240043,114.014130631,114.2203071,22.31468933
K811F, K811F.JPG, Tseung Kwan O Road near Tsui Ping South Estate,842195,819230,http://tdcctv.data.one.gov.hk/K811F.JPG,"22.519349196, 114.011267373",22.519349196,114.011267373,114.2343986,22.31203897
K812F, K812F.JPG, Kwun Tong Bypass near Laguna City,841658,818874,http://tdcctv.data.one.gov.hk/K812F.JPG,"22.514496311, 114.007813010",22.514496311,114.007813010,114.2291856,22.30882585
K813F, K813F.JPG, Kwun Tong Bypass near Lai Yip Street,840416,819283,http://tdcctv.data.one.gov.hk/K813F.JPG,"22.503284746, 114.011801595",22.503284746,114.011801595,114.2171327,22.3125228
K814F, K814F.JPG, Kwun Tong Bypass near Kai Cheung Road,839093,820705,http://tdcctv.data.one.gov.hk/K814F.JPG,"22.491351139, 114.025634590",22.491351139,114.025634590,114.2042949,22.32536699
K816F, K816F.JPG, West Kowloon Corridor near Nam Cheong Estate,834690,820692,http://tdcctv.data.one.gov.hk/K816F.JPG,"22.451590200, 114.025551444",22.451590200,114.025551444,114.1615577,22.3252512
K911F, K911F.JPG, West Kowloon Hwy - Yau Ma Tei Interchange N,834613,819573,http://tdcctv.data.one.gov.hk/K911F.JPG,"22.450884302, 114.014681049",22.450884302,114.014681049,114.1608115,22.3151459
K914F, K914F.JPG, West Kowloon Highway near Lai Wan Interchange,832783,821350,http://tdcctv.data.one.gov.hk/K914F.JPG,"22.434375040, 114.031961873",22.434375040,114.031961873,114.1430462,22.33119052
TK101F, TK101F.JPG, Po Lam Road North near Po Hong Road,843959,820807,http://tdcctv.data.one.gov.hk/TK101F.JPG,"22.535293733, 114.026578326",22.535293733,114.026578326,114.2515266,22.32627323
TK105F, TK105F.JPG, Po Shun Road near Tseung Kwan O Swimming Pool,844972,819827,http://tdcctv.data.one.gov.hk/TK105F.JPG,"22.544432263, 114.017041264",22.544432263,114.017041264,114.2613539,22.31741843
TK110F, TK110F.JPG, Chui Ling Road near Po Shun Road,844372,818516,http://tdcctv.data.one.gov.hk/TK110F.JPG,"22.539000914, 114.004302997",22.539000914,114.004302997,114.2555238,22.30558225
TK904F, TK904F.JPG, Tseung Kwan O Tunnel - Tseung Kwan O Side,844296,820178,http://tdcctv.data.one.gov.hk/TK904F.JPG,"22.538331125, 114.020460419",22.538331125,114.020460419,114.2547945,22.32059145
NL121F, NL121F.JPG, North Lantau Highway near Sunny Bay,820149,820655,http://tdcctv.data.one.gov.hk/NL121F.JPG,"22.320277534, 114.025334252",22.320277534,114.025334252,114.0204179,22.32484233
NL124F, NL124F.JPG, North Lantau Highway near Siu Ho Wan,817086,819027,http://tdcctv.data.one.gov.hk/NL124F.JPG,"22.292601365, 114.009565843",22.292601365,114.009565843,113.990707,22.31010919
NL126F, NL126F.JPG, North Lantau Highway near Pak Mong,814546,817693,http://tdcctv.data.one.gov.hk/NL126F.JPG,"22.269649806, 113.996650002",22.269649806,113.996650002,113.9660737,22.29803228
NL128F, NL128F.JPG, North Lantau Highway near Tung Chung,812639,816709,http://tdcctv.data.one.gov.hk/NL128F.JPG,"22.252417564, 113.987125969",22.252417564,113.987125969,113.9475819,22.28912112
PB106F, PB106F.JPG, Penny's Bay Highway,821740,820686,http://tdcctv.data.one.gov.hk/PB106F.JPG,"22.334645425, 114.025619655",22.334645425,114.025619655,114.0358604,22.32513644
TC560F, TC560F.JPG, Tsing Ma Bridge,825674,823558,http://tdcctv.data.one.gov.hk/TC560F.JPG,"22.370195170, 114.053466875",22.370195170,114.053466875,114.0740261,22.35110092
TR103F, TR103F.JPG, Tuen Mun Road - Yau Kom Tau Section,827366,825737,http://tdcctv.data.one.gov.hk/TR103F.JPG,"22.385489544, 114.074612646",22.385489544,114.074612646,114.0904402,22.37078805
TR107F, TR107F.JPG, Tuen Mun Road - Sham Tseng Section,825046,825201,http://tdcctv.data.one.gov.hk/TR107F.JPG,"22.364535373, 114.069423879",22.364535373,114.069423879,114.0679179,22.3659341
TR111F, TR111F.JPG, Tuen Mun Road - near Tsing Lung Tau,822317,825036,http://tdcctv.data.one.gov.hk/TR111F.JPG,"22.339889955, 114.067841050",22.339889955,114.067841050,114.041423,22.36442407
TR116F, TR116F.JPG, Tuen Mun Road - Siu Lam Section,818125,825508,http://tdcctv.data.one.gov.hk/TR116F.JPG,"22.302036793, 114.072451086",22.302036793,114.072451086,114.0007173,22.3686473
SM936F, SM936F.JPG, Cheung Pei Shan Road,831216,826537,http://tdcctv.data.one.gov.hk/SM936F.JPG,"22.420261649, 114.082357576",22.420261649,114.082357576,114.1278193,22.37802811
TC101F, TC101F.JPG, Cheung Tsing Bridge,829564,823296,http://tdcctv.data.one.gov.hk/TC101F.JPG,"22.405321840, 114.050891373",22.405321840,114.050891373,114.1117919,22.34875448
TC302F, TC302F.JPG, Cheung Tsing Highway near Kam Chuk Kok,827593,822839,http://tdcctv.data.one.gov.hk/TC302F.JPG,"22.387519236, 114.046469631",22.387519236,114.046469631,114.09266,22.3446187
TW102F, TW102F.JPG, Kwai Chung Road near Container Terminal,831675,822441,http://tdcctv.data.one.gov.hk/TW102F.JPG,"22.424378465, 114.042569379",22.424378465,114.042569379,114.132288,22.34104028
TW103F, TW103F.JPG, Tsuen Wan Road near Tsuen Tsing Interchange,830393,824630,http://tdcctv.data.one.gov.hk/TW103F.JPG,"22.412817680, 114.063840999",22.412817680,114.063840999,114.119835,22.36080427
TW105F, TW105F.JPG, Kwai Tsing Road near Tsing Yi Bridge,830749,824045,http://tdcctv.data.one.gov.hk/TW105F.JPG,"22.416028455, 114.058156499",22.416028455,114.058156499,114.1232933,22.35552258
TW108F, TW108F.JPG, Kwai Chung Road near Kwai Hing MTR Station,831610,824699,http://tdcctv.data.one.gov.hk/TW108F.JPG,"22.423808225, 114.064502318",22.423808225,114.064502318,114.1316504,22.3614311
TW109F, TW109F.JPG, Castle Peak Road near Wo Yi Hop Road,831993,825116,http://tdcctv.data.one.gov.hk/TW109F.JPG,"22.427269657, 114.068550037",22.427269657,114.068550037,114.1353678,22.36519783
TW112F, TW112F.JPG, Wo Yi Hop Road near Lei Shu Road,832091,825877,http://tdcctv.data.one.gov.hk/TW112F.JPG,"22.428159429, 114.075941320",22.428159429,114.075941320,114.1363173,22.37207031
TW116F, TW116F.JPG, Texaco Road Flyover near Sha Tsui Road,830553,825335,http://tdcctv.data.one.gov.hk/TW116F.JPG,"22.414267199, 114.070687163",22.414267199,114.070687163,114.1213859,22.36717134
TW117F, TW117F.JPG, Castle Peak Road near Texaco Road North,830770,825684,http://tdcctv.data.one.gov.hk/TW117F.JPG,"22.416229002, 114.074075394",22.416229002,114.074075394,114.1234916,22.3703237
TW120F, TW120F.JPG, Tsuen Wan Road near Tai Chung Road,829235,825713,http://tdcctv.data.one.gov.hk/TW120F.JPG,"22.402367395, 114.074367227",22.402367395,114.074367227,114.1085874,22.37057999
TW121F, TW121F.JPG, Tsing Kwai Highway/Cheung Tsing Tunnel,829296,823288,http://tdcctv.data.one.gov.hk/TW121F.JPG,"22.402901612, 114.050815860",22.402901612,114.050815860,114.1091902,22.34868117
H421F, H421F.JPG, Aberdeen Tunnel - Aberdeen Side,836325,812440,http://tdcctv.data.one.gov.hk/H421F.JPG,"22.466259785, 113.945358046",22.466259785,113.945358046,114.1774273,22.25073117
K202F, K202F.JPG, Argyle Street near Yim Po Fong Street,835820,820088,http://tdcctv.data.one.gov.hk/K202F.JPG,"22.461788953, 114.019672015",22.461788953,114.019672015,114.1725261,22.31979739
K205F, K205F.JPG, Nathan Road near Lai Chi Kok Road,835420,820347,http://tdcctv.data.one.gov.hk/K205F.JPG,"22.458179223, 114.022192420",22.458179223,114.022192420,114.1686435,22.32213616
ST701F, ST701F.JPG, Tolo Highway near Sha Tin Sewage Treatment Works,839872,830033,http://tdcctv.data.one.gov.hk/ST701F.JPG,"22.498445369, 114.116280114",22.498445369,114.116280114,114.2118772,22.40960241
ST703F, ST703F.JPG, Tai Po Road near MTR Racecourse Station,838936,828954,http://tdcctv.data.one.gov.hk/ST703F.JPG,"22.489988639, 114.105798270",22.489988639,114.105798270,114.2027848,22.39986021
ST712F1, ST712F1.JPG, Tate's Cairn Highway near Shatin Hospital,839906,828893,http://tdcctv.data.one.gov.hk/ST712F1.JPG,"22.498747857, 114.105200974",22.498747857,114.105200974,114.2122048,22.39930757
ST714F, ST714F.JPG, Tate's Cairn Highway near Tai Shek Kwu,839712,827856,http://tdcctv.data.one.gov.hk/ST714F.JPG,"22.496991166, 114.095123996",22.496991166,114.095123996,114.2103186,22.38994333
ST715F, ST715F.JPG, Sha Lek Highway near Prince Wales Hospital,838818,826517,http://tdcctv.data.one.gov.hk/ST715F.JPG,"22.488910874, 114.082116689",22.488910874,114.082116689,114.2016349,22.37785302
ST721F, ST721F.JPG, Shatin Road near Yuen Chau Kok Park,838811,827270,http://tdcctv.data.one.gov.hk/ST721F.JPG,"22.488851796, 114.089434183",22.488851796,114.089434183,114.2015682,22.38465302
ST725F, ST725F.JPG, Lion Rock Tunnel Road near Sun Tin Wai Estate,837361,825546,http://tdcctv.data.one.gov.hk/ST725F.JPG,"22.475747763, 114.072690615",22.475747763,114.072690615,114.1874868,22.36908593
ST731F, ST731F.JPG, Ma On Shan Bypass near Heng On Estate,841532,830528,http://tdcctv.data.one.gov.hk/ST731F.JPG,"22.513437540, 114.121084716",22.513437540,114.121084716,114.2280012,22.4140682
ST732F, ST732F.JPG, Ma On Shan Bypass near Yiu On Estate,842035,830893,http://tdcctv.data.one.gov.hk/ST732F.JPG,"22.517981006, 114.124630612",22.517981006,114.124630612,114.2328879,22.4173627
SW109F, SW109F.JPG, Yuen Long Highway near Hung Tin Road,818100,832003,http://tdcctv.data.one.gov.hk/SW109F.JPG,"22.301839335, 114.135483577",22.301839335,114.135483577,114.0004006,22.4272999
SW111F, SW111F.JPG, Yuen Long Highway near Tong Yan San Tsuen Interchange,819442,833173,http://tdcctv.data.one.gov.hk/SW111F.JPG,"22.313960904, 114.146835550",22.313960904,114.146835550,114.0134236,22.43787922
SW112F, SW112F.JPG, Yuen Long Highway near Shap Pat Heung,821421,832797,http://tdcctv.data.one.gov.hk/SW112F.JPG,"22.331831723, 114.143181963",22.331831723,114.143181963,114.0326514,22.43450208
SW113F, SW113F.JPG, Yuen Long Highway near Pok Oi Interchange,822114,833747,http://tdcctv.data.one.gov.hk/SW113F.JPG,"22.338091565, 114.152402359",22.338091565,114.152402359,114.0393747,22.44308687
TI101F, TI101F.JPG, Castle Peak Road near Hung Shui Kiu,818090,832902,http://tdcctv.data.one.gov.hk/TI101F.JPG,"22.301751017, 114.144208171",22.301751017,114.144208171,114.0002932,22.43541815
TM101F, TM101F.JPG, Wu Chui Road near Wu King Road,814526,826116,http://tdcctv.data.one.gov.hk/TM101F.JPG,"22.269539288, 114.078374337",22.269539288,114.078374337,113.9657652,22.37409604
TM103F, TM103F.JPG, Lung Mun Road near Tuen Mun Recreation and Sports Centre,814447,827250,http://tdcctv.data.one.gov.hk/TM103F.JPG,"22.268832163, 114.089377430",22.268832163,114.089377430,113.9649826,22.38433558
TM118F, TM118F.JPG, Pui To Road near Tuen Mun Park,815352,828319,http://tdcctv.data.one.gov.hk/TM118F.JPG,"22.277010143, 114.099744890",22.277010143,114.099744890,113.9737565,22.39400041
TR704F, TR704F.JPG, Tuen Mun Road near Tsing Yin Street,815621,828752,http://tdcctv.data.one.gov.hk/TR704F.JPG,"22.279441323, 114.103945044",22.279441323,114.103945044,113.9763632,22.39791386
YL101F, YL101F.JPG, Long Tin Road near Long Ping Road,819746,834085,http://tdcctv.data.one.gov.hk/YL101F.JPG,"22.316707601, 114.155686636",22.316707601,114.155686636,114.0163672,22.44611792
YL106F, YL106F.JPG, Castle Peak Road nearYuen Long,821368,833929,http://tdcctv.data.one.gov.hk/YL106F.JPG,"22.331355011, 114.154170169",22.331355011,114.154170169,114.032126,22.44472407
YL111F, YL111F.JPG, Castle Peak Road near Pok Oi Interchange,821917,833889,http://tdcctv.data.one.gov.hk/YL111F.JPG,"22.336312744, 114.153781083",22.336312744,114.153781083,114.0374597,22.44436755
BC702F, BC702F.JPG, Castle Peak Road near Mai Po,824086,838533,http://tdcctv.data.one.gov.hk/BC702F.JPG,"22.355900180, 114.198864114",22.355900180,114.198864114,114.0584951,22.4863216
TP113F, TP113F.JPG, Fanling Highway near Hong Lok Yuen Road,833366,835885,http://tdcctv.data.one.gov.hk/TP113F.JPG,"22.439704744, 114.173153812",22.439704744,114.173153812,114.1486789,22.46245003
FH706F, FH706F.JPG, Fanling Highway near MTR Fanling Station,832352,839113,http://tdcctv.data.one.gov.hk/FH706F.JPG,"22.430545523, 114.204509808",22.430545523,114.204509808,114.138819,22.49159819
ST922F, ST922F.JPG, Lion Rock Tunnel Road near Hung Mui Kuk Road,836845,825101,http://tdcctv.data.one.gov.hk/ST922F.JPG,"22.471085223, 114.068370262",22.471085223,114.068370262,114.1824765,22.36506759
SW103F, SW103F.JPG, Kong Sham Western Highway near Ha Tsuen,815876,834298,http://tdcctv.data.one.gov.hk/SW103F.JPG,"22.281759373, 114.157758712",22.281759373,114.157758712,113.9787686,22.44799964
SW108F, SW108F.JPG, Yuen Long Highway near Tan Kwai Tsuen,817746,831659,http://tdcctv.data.one.gov.hk/SW108F.JPG,"22.298641613, 114.132146159",22.298641613,114.132146159,113.996966,22.42418964
TL102F, TL102F.JPG, Tai Lam Tunnel - Yuen Long Side,824319,830139,http://tdcctv.data.one.gov.hk/TL102F.JPG,"22.357994879, 114.117370122",22.357994879,114.117370122,114.0608223,22.4105218
TL103F, TL103F.JPG, Tai Lam Tunnel - Ting Kau Side,824981,826211,http://tdcctv.data.one.gov.hk/TL103F.JPG,"22.363954598, 114.079230457",22.363954598,114.079230457,114.0672797,22.3750545
TS102F, TS102F.JPG, Nam Wan Tunnel- Stonecutters Bridge side,829111,821664,http://tdcctv.data.one.gov.hk/TS102F.JPG,"22.401217911, 114.035045707",22.401217911,114.035045707,114.1074015,22.33401477
TS104F, TS104F.JPG, Tsing Sha Highway near Lai Chi Kok,832851,822646,http://tdcctv.data.one.gov.hk/TS104F.JPG,"22.434999914, 114.044550526",22.434999914,114.044550526,114.1437035,22.34289428
TS105F, TS105F.JPG, Sha Tin Heights Tunnel - Sha Tin Side,835713,825356,http://tdcctv.data.one.gov.hk/TS105F.JPG,"22.460864440, 114.070855741",22.460864440,114.070855741,114.1714857,22.36737039
TW701F, TW701F.JPG, Cheung Pei Shan Road near Mei Wan Street,829717,826375,http://tdcctv.data.one.gov.hk/TW701F.JPG,"22.406724036, 114.080793384",22.406724036,114.080793384,114.1132647,22.3765601
H702F, H702F.JPG, Western Harbour Crossing Hong Kong Side,832629,816766,http://tdcctv.data.one.gov.hk/H702F.JPG,"22.432938270, 113.987435236",22.432938270,113.987435236,114.1415618,22.28979392
H703F, H703F.JPG, Connaught Road West,832480,816741,http://tdcctv.data.one.gov.hk/H703F.JPG,"22.431592452, 113.987194220",22.431592452,113.987194220,114.1401159,22.28956784
K901F, K901F.JPG, Western Harbour Crossing Kowloon Side,834394,818348,http://tdcctv.data.one.gov.hk/K901F.JPG,"22.448894247, 114.002782579",22.448894247,114.002782579,114.1586874,22.30408318
K931F, K931F.JPG, Tate's Cairn Tunnel Kowloon Side,839086,822485,http://tdcctv.data.one.gov.hk/K931F.JPG,"22.491303227, 114.042932490",22.491303227,114.042932490,114.2042301,22.34144143
K952F, K952F.JPG, Eastern Harbour Crossing Kowloon Side,842183,818178,http://tdcctv.data.one.gov.hk/K952F.JPG,"22.519229992, 114.001042249",22.519229992,114.001042249,114.2342783,22.30253882
ST942F, ST942F.JPG, Tate's Cairn Tunnel Shatin Side,839632,826938,http://tdcctv.data.one.gov.hk/ST942F.JPG,"22.496263964, 114.086203068",22.496263964,114.086203068,114.2095398,22.38165347
K121F, K121F.JPG, Canton Road near Salisbury Road,835512,817290,http://tdcctv.data.one.gov.hk/K121F.JPG,"22.458978820, 113.992490859",22.458978820,113.992490859,114.1695379,22.29452964
TL101F, TL101F.JPG, Tsing Long Highway near Ko Po San Tsuen,823996,833151,http://tdcctv.data.one.gov.hk/TL101F.JPG,"22.355086109, 114.146613168",22.355086109,114.146613168,114.0576621,22.43771926
TR706F, TR706F.JPG, Tuen Mun Road near MTR Siu Hong Station,815928,830243,http://tdcctv.data.one.gov.hk/TR706F.JPG,"22.282219577, 114.118411367",22.282219577,114.118411367,113.9793256,22.41138192
TS101F, TS101F.JPG, Nam Wan Tunnel - Sai Tso Wan Side,827720,822707,http://tdcctv.data.one.gov.hk/TS101F.JPG,"22.388665071, 114.045186744",22.388665071,114.045186744,114.0938936,22.34342731
